"행정구역별(시군구)","성별","연령별","시점",일반가구원,가구주,가구주의 배우자,자녀,자녀의 배우자,가구주의 부모,배우자의 부모,손자녀 그 배우자,친손자녀·그 배우자,외손자녀·그 배우자,증손자녀·그 배우자,조부모,형제자매·그 배우자,형제자매의 자녀·그 배우자,부모의 형제자매·그 배우자,기타 친·인척,기타 동거인
"전국","계","합계","2015",48339559,19111030,10440050,15029782,234046,1281004,244171,-,440087,172851,3325,41864,758543,154183,22103,52911,353609
"전국","계","합계","2016",48551348,19367696,10503992,14928884,231261,1270659,244362,-,413095,174495,3188,40316,739950,151575,22205,51379,408291
"전국","계","합계","2017",48614907,19673875,10534559,14675520,215251,1246177,236820,-,388105,176291,3042,40364,740091,152888,23052,55443,453429
"전국","계","합계","2018",48664922,19979188,10555209,14413659,197312,1245526,227081,-,357879,174071,2756,40744,741466,153814,24326,55129,496762
"전국","계","합계","2019",48674177,20343188,10571041,14071845,182245,1229037,217905,-,332694,172304,2607,40041,736103,152723,24910,57531,540003
"전국","계","합계","2020",49028727,20926710,10605670,13907427,151743,1215796,198013,455244,-,-,2099,41307,721498,149144,25246,55650,573180
"전국","계","합계","2021",49063531,21448463,10571167,13450360,132892,1225210,189137,416354,-,-,1928,44124,720425,151797,27511,57683,626480
"전국","계","합계","2022",48884646,21773507,10528581,12986936,127131,1217670,182281,397684,-,-,1910,43451,717052,152820,28778,58170,668675
"전국","계","합계","2023",48870498,22073158,10453359,12751539,126024,1201970,176980,393038,-,-,1913,39439,717462,151703,29772,57928,696213
"전국","계","합계","2024",48783236,22294419,10430133,12502000,119828,1167849,164395,382507,-,-,1940,35691,711099,148290,29687,57102,738296
"전국","계","15세미만","2015",6888615,87,X,6439977,X,X,X,-,263942,122036,3123,X,5524,46090,X,5898,1935
"전국","계","15세미만","2016",6753076,78,X,6328452,X,X,X,-,240651,121188,2995,X,5130,40568,X,5633,8377
"전국","계","15세미만","2017",6613883,72,X,6209668,X,X,X,-,222156,120919,2850,X,4842,38817,X,6967,7592
"전국","계","15세미만","2018",6465942,81,X,6086016,X,X,X,-,201320,117249,2595,X,4642,36987,X,6803,10249
"전국","계","15세미만","2019",6296648,96,X,5937789,X,X,X,-,184139,114403,2428,X,4674,35549,X,7025,10544
"전국","계","15세미만","2020",6159722,108,X,5844350,X,X,X,260186,-,-,1949,X,4760,32128,X,6215,10026
"전국","계","15세미만","2021",5991713,139,X,5705511,X,12,X,233623,-,-,1784,X,4855,30222,X,5989,9569
"전국","계","15세미만","2022",5761421,159,X,5487014,X,X,X,222409,-,-,1766,X,4570,29607,X,6390,9506
"전국","계","15세미만","2023",5526647,160,X,5256864,X,X,X,218623,-,-,1760,X,4150,28918,10,6394,9768
"전국","계","15세미만","2024",5323384,202,X,5064085,X,X,X,209547,-,-,1776,X,3797,26990,14,6284,10686
"전국","계","15~19세","2015",2835413,63093,922,2606716,400,X,X,-,82453,24737,160,X,28186,21004,X,2476,5266
"전국","계","15~19세","2016",2715405,67550,943,2493015,413,X,X,-,75905,24206,151,X,25147,19595,6,2320,6154
"전국","계","15~19세","2017",2573204,65350,859,2360911,353,X,X,-,70008,24241,148,X,23752,18417,X,2342,6821
"전국","계","15~19세","2018",2410324,62157,861,2213739,318,X,X,-,61505,23382,126,X,22317,16644,X,2246,7027
"전국","계","15~19세","2019",2262120,63075,977,2075034,342,X,X,-,54142,22855,132,X,21401,15194,X,2064,6904
"전국","계","15~19세","2020",2208752,79589,712,2016321,175,X,X,68715,-,-,100,X,21068,13515,X,1858,6698
"전국","계","15~19세","2021",2090046,57423,276,1931977,59,X,X,61420,-,-,94,X,18740,12118,X,1763,6175
"전국","계","15~19세","2022",2034726,56406,184,1882429,37,X,X,58866,-,-,95,X,16767,11674,X,1682,6583
"전국","계","15~19세","2023",2041679,51529,368,1896380,79,X,X,59026,-,-,103,X,14432,11431,X,1720,6606
"전국","계","15~19세","2024",2053300,49929,325,1910690,34,X,X,59511,-,-,116,X,13128,11160,6,1624,6777
"전국","계","20~24세","2015",2763722,462703,39046,2053542,8029,X,X,-,50370,14138,33,X,72565,27540,X,4179,31575
"전국","계","20~24세","2016",2796573,480280,34632,2074614,7582,X,X,-,51664,15547,30,X,69891,28315,10,4344,29658
"전국","계","20~24세","2017",2750740,481957,31117,2029212,6114,X,X,-,50506,16266,36,X,69659,27870,11,4662,33328
"전국","계","20~24세","2018",2722228,491164,27359,1997302,4909,X,X,-,49687,17053,27,X,69824,26883,8,4430,33582
"전국","계","20~24세","2019",2676127,519327,24954,1929452,4055,X,X,-,48811,17408,39,X,67647,25589,9,4511,34324
"전국","계","20~24세","2020",2790465,582673,22482,1982394,2984,X,X,64979,-,-,43,X,70027,24663,5,4441,35771
"전국","계","20~24세","2021",2670599,581084,18496,1875438,2170,X,X,59943,-,-,39,X,67981,23369,11,4341,37722
"전국","계","20~24세","2022",2426051,566216,14412,1666771,1552,X,X,53475,-,-,35,X,59775,21208,11,3792,38803
"전국","계","20~24세","2023",2306069,566969,12632,1561615,1443,X,X,50641,-,-,29,X,51898,19333,7,3388,38112
"전국","계","20~24세","2024",2170949,545869,11056,1461274,953,X,X,46841,-,-,29,X,46529,17463,5,3002,37928
"전국","계","25~29세","2015",2972437,825660,275443,1644092,22257,7,X,-,28864,7648,6,X,94122,27885,6,5705,40742
"전국","계","25~29세","2016",3020163,830614,257386,1697519,20595,12,X,-,29712,8909,X,X,89979,29625,23,5797,49985
"전국","계","25~29세","2017",3109124,871839,247832,1738832,17884,6,X,-,30330,9877,5,X,92728,32026,18,6677,61070
"전국","계","25~29세","2018",3204366,932296,235802,1773823,14755,9,X,-,30561,10994,5,X,96956,34422,25,6980,67737
"전국","계","25~29세","2019",3284719,1008218,221940,1782496,12328,9,X,-,30518,11854,7,X,99890,35301,14,7605,74539
"전국","계","25~29세","2020",3380057,1111113,211614,1775330,9301,6,X,41476,-,-,X,X,105041,35710,10,8031,82421
"전국","계","25~29세","2021",3400702,1212929,187402,1707663,7261,7,X,41139,-,-,6,X,107905,37714,23,8602,90048
"전국","계","25~29세","2022",3340182,1225674,159181,1661789,6176,X,X,41420,-,-,8,X,105492,37034,37,8047,95321
"전국","계","25~29세","2023",3269300,1212141,138795,1634611,5591,6,X,41798,-,-,13,X,98988,34674,39,7338,95306
"전국","계","25~29세","2024",3165669,1185705,125830,1578695,4386,X,X,42241,-,-,13,X,91436,32601,28,6651,98078
"전국","계","30~34세","2015",3570246,1474412,905001,975136,43938,16,X,-,10848,3184,X,X,101743,16828,68,5256,33813
"전국","계","30~34세","2016",3394882,1393416,847912,946437,40460,33,X,-,11101,3349,X,X,87526,17262,54,4887,42439
"전국","계","30~34세","2017",3210358,1325967,778898,907642,34365,35,X,-,10851,3532,X,X,79196,17792,50,4897,47130
"전국","계","30~34세","2018",3076625,1278234,720890,883970,28724,27,X,-,10423,3787,X,X,74116,18911,31,4964,52544
"전국","계","30~34세","2019",3023482,1277367,678849,874002,24159,33,X,-,10431,4035,X,X,71872,19571,30,5304,57826
"전국","계","30~34세","2020",3042091,1333934,655288,853760,19179,28,X,13729,-,-,X,X,72035,20976,22,5664,67471
"전국","계","30~34세","2021",3091042,1419263,621155,834135,15483,17,X,13984,-,-,X,X,75032,23982,34,6322,81629
"전국","계","30~34세","2022",3186443,1488951,589352,870772,14144,16,X,15059,-,-,X,X,78838,26247,51,6657,96352
"전국","계","30~34세","2023",3281148,1535015,561430,931480,13913,10,X,16094,-,-,X,X,81219,27439,42,6486,108013
"전국","계","30~34세","2024",3352888,1572932,540178,970061,12409,7,X,17265,-,-,5,X,82360,27848,41,6395,123387
"전국","계","35~39세","2015",3765009,1804414,1232984,543472,47403,89,6,-,2843,818,X,X,94659,7465,324,4035,26497
"전국","계","35~39세","2016",3841035,1829077,1251967,572545,47448,91,10,-,3178,985,X,X,91401,8187,268,3935,31941
"전국","계","35~39세","2017",3898665,1867792,1255828,585954,44895,75,15,-,3366,1140,X,X,89450,9178,221,4125,36626
"전국","계","35~39세","2018",3912833,1888470,1249064,586942,41046,91,X,-,3437,1250,X,X,86348,10245,217,4172,41549
"전국","계","35~39세","2019",3789676,1846492,1195709,567148,36251,96,5,-,3630,1367,X,X,79195,10808,188,4492,44295
"전국","계","35~39세","2020",3603275,1788768,1124946,523457,28144,71,5,4668,-,-,X,X,69686,11164,153,4314,47898
"전국","계","35~39세","2021",3424210,1733971,1049167,480309,22805,70,5,4619,-,-,X,X,63874,11847,126,4504,52911
"전국","계","35~39세","2022",3229820,1641958,964585,465081,20089,65,X,4704,-,-,X,X,59499,12455,99,4400,56880
"전국","계","35~39세","2023",3099533,1570688,898052,471206,19338,60,X,4875,-,-,X,X,56820,13281,87,4244,60877
"전국","계","35~39세","2024",3049503,1546124,856815,481236,17500,45,X,4978,-,-,X,X,55487,13866,83,4360,69008
"전국","계","40~44세","2015",4194519,2192931,1450220,368035,42861,2057,51,-,625,225,X,X,100022,3722,1439,3883,28448
"전국","계","40~44세","2016",4016679,2078477,1391294,370065,41529,1688,106,-,719,241,X,X,93198,3923,1162,3607,30669
"전국","계","40~44세","2017",3904060,2017209,1348279,366608,38887,1584,144,-,727,241,X,X,88761,4223,1089,3572,32736
"전국","계","40~44세","2018",3766795,1947093,1291804,362591,35544,1537,39,-,774,276,X,X,83629,4630,980,3475,34423
"전국","계","40~44세","2019",3698794,1911873,1262301,364149,33086,1348,33,-,826,287,X,X,79258,5069,857,3695,36012
"전국","계","40~44세","2020",3753646,1959372,1277946,363563,27929,1230,42,1203,-,-,X,X,74075,5433,716,3484,38653
"전국","계","40~44세","2021",3832964,2024308,1292002,361745,25062,1099,32,1315,-,-,X,X,73207,6311,656,3762,43465
"전국","계","40~44세","2022",3890212,2061724,1296183,373217,24645,955,24,1412,-,-,X,X,72604,7458,562,4065,47363
"전국","계","40~44세","2023",3907718,2073354,1285515,387179,24377,906,37,1607,-,-,X,X,71909,8217,526,4188,49900
"전국","계","40~44세","2024",3785299,2012099,1227088,387151,22878,742,7,1702,-,-,X,X,67688,8743,427,4187,52584
"전국","계","45~49세","2015",4242619,2359535,1495844,212010,31437,18595,761,-,112,50,X,X,85984,1779,2926,3553,30033
"전국","계","45~49세","2016",4350652,2393191,1536446,238727,33650,15750,819,-,126,51,X,X,88813,2021,2793,3450,34815
"전국","계","45~49세","2017",4386047,2412001,1528360,256822,33055,14917,888,-,124,56,X,X,92384,2356,2791,3515,38778
"전국","계","45~49세","2018",4346252,2382823,1501835,270069,31648,14528,442,-,139,67,X,X,93604,2653,2773,3522,42149
"전국","계","45~49세","2019",4289786,2346638,1472584,280437,30590,13850,407,-,161,80,X,X,92012,2882,2659,3673,43813
"전국","계","45~49세","2020",4180070,2300191,1429647,273208,26047,13469,322,236,-,-,X,X,84602,2821,2638,3450,43439
"전국","계","45~49세","2021",4002153,2212757,1361279,260631,22873,12487,232,254,-,-,X,X,78683,3093,2433,3414,44017
"전국","계","45~49세","2022",3892193,2147029,1321738,261234,22122,10749,214,281,-,-,X,X,75619,3434,2176,3503,44094
"전국","계","45~49세","2023",3760321,2072913,1266303,264010,21256,8785,289,310,-,-,X,X,73441,3972,1852,3490,43699
"전국","계","45~49세","2024",3694906,2032090,1237104,271816,20654,7038,79,347,-,-,X,X,71411,4528,1502,3553,44784
"전국","계","50~54세","2015",4119181,2373392,1438609,108286,20673,63680,5309,-,21,14,X,X,69690,845,4306,3575,30781
"전국","계","50~54세","2016",4009442,2313296,1383694,117064,20521,54603,4696,-,29,15,X,X,71127,944,4077,3299,36075
"전국","계","50~54세","2017",3981187,2291345,1373317,122348,20035,51605,4104,-,27,14,X,X,71361,978,3961,3351,38741
"전국","계","50~54세","2018",4052597,2321732,1395899,133499,20054,53646,3028,-,25,9,X,X,73697,1101,4046,3159,42702
"전국","계","50~54세","2019",4169392,2380388,1433240,148007,20620,54330,2717,-,29,8,X,X,75921,1268,4014,3370,45480
"전국","계","50~54세","2020",4223008,2420667,1439466,157825,18708,53901,2100,41,-,-,X,X,74964,1325,3953,3149,46909
"전국","계","50~54세","2021",4336146,2487269,1468237,169170,18243,54824,1712,44,-,-,X,X,77166,1591,4419,3327,50144
"전국","계","50~54세","2022",4371363,2509033,1465197,183334,18648,51162,1458,50,-,-,X,X,80462,1915,4427,3507,52170
"전국","계","50~54세","2023",4336806,2489154,1437899,196871,19034,46305,1489,53,-,-,X,X,83701,2304,4251,3630,52114
"전국","계","50~54세","2024",4284455,2453871,1413139,209177,18971,40470,798,68,-,-,X,X,84651,2622,3932,3772,52984
"전국","계","55~59세","2015",3837143,2232629,1310011,53694,11176,121110,20056,-,7,X,X,16,51913,565,4494,3698,27773
"전국","계","55~59세","2016",4051464,2358937,1380736,61466,12767,119356,19008,-,8,X,X,12,56543,617,4680,3631,33700
"전국","계","55~59세","2017",4141719,2418521,1402689,65148,12880,117299,17548,-,6,5,X,12,59889,630,4960,3767,38365
"전국","계","55~59세","2018",4187673,2445001,1414583,69276,13049,117700,14908,-,X,X,X,16,60931,674,5136,3623,42769
"전국","계","55~59세","2019",4140190,2419951,1393093,72433,12875,112838,12470,-,6,6,X,14,61775,719,5023,3530,45457
"전국","계","55~59세","2020",4064377,2389072,1358080,73371,11351,109034,9512,8,-,-,X,10,59055,671,4782,3298,46133
"전국","계","55~59세","2021",3958355,2339843,1300629,75579,10589,107799,7475,8,-,-,X,10,59024,709,5118,3258,48314
"전국","계","55~59세","2022",3942578,2327633,1293903,81459,10791,103650,6309,5,-,-,X,11,60943,811,5226,3244,48593
"전국","계","55~59세","2023",4021368,2376017,1311114,91574,11296,100761,5765,8,-,-,X,10,65691,986,5187,3457,49502
"전국","계","55~59세","2024",4147758,2448991,1351002,103276,11973,95832,4454,7,-,-,X,X,70344,1193,5183,3537,51963
"전국","계","60~64세","2015",2741704,1602550,894485,17065,3916,141320,31907,-,X,X,X,103,25994,229,2951,2669,18513
"전국","계","60~64세","2016",2993155,1755374,970882,20793,4512,147425,33334,-,X,X,X,94,30785,286,3318,2787,23562
"전국","계","60~64세","2017",3156104,1856713,1021242,23443,4868,148835,32582,-,X,X,X,98,34107,344,3682,3122,27064
"전국","계","60~64세","2018",3379781,1992462,1089324,26816,5234,155590,31109,-,X,X,X,97,38601,375,4343,3357,32469
"전국","계","60~64세","2019",3578478,2111640,1157290,29905,5718,157900,29353,-,X,X,X,114,41751,435,4687,3490,36193
"전국","계","60~64세","2020",3764489,2228859,1222180,31820,5541,160014,24924,X,-,-,X,114,42589,409,4891,3344,39801
"전국","계","60~64세","2021",3988108,2363903,1289347,34681,5789,172380,22794,5,-,-,X,96,45733,466,5459,3605,43850
"전국","계","60~64세","2022",4067484,2417185,1310069,37833,6075,172254,19892,X,-,-,X,92,47954,536,5671,3648,46272
"전국","계","60~64세","2023",4130986,2469958,1315797,41459,6490,168443,17981,X,-,-,X,66,51937,634,5972,3755,48493
"전국","계","60~64세","2024",4088625,2453198,1298895,43895,6521,157568,14904,X,-,-,X,48,54054,666,5798,3627,49451
"전국","계","65~69세","2015",2103674,1224447,623552,6139,1374,165869,38567,-,X,X,X,705,15314,150,2279,2502,22776
"전국","계","65~69세","2016",2167736,1265196,643679,6663,1396,164905,37914,-,X,X,X,694,16962,145,2417,2469,25296
"전국","계","65~69세","2017",2266611,1323036,681975,7160,1520,163067,36746,-,X,X,X,694,18893,152,2641,2668,28059
"전국","계","65~69세","2018",2318804,1351995,705869,7545,1577,160132,34900,-,X,X,X,703,20215,160,2928,2647,30132
"전국","계","65~69세","2019",2430488,1417761,746152,8662,1728,157417,33431,-,X,X,X,673,22559,182,3243,2820,35860
"전국","계","65~69세","2020",2660010,1558102,825721,9577,1864,161559,30982,X,-,-,X,676,25014,192,3756,2859,39708
"전국","계","65~69세","2021",2902348,1705565,897547,10959,2014,173153,30433,X,-,-,X,711,28372,218,4532,3102,45742
"전국","계","65~69세","2022",3066136,1810130,945896,13030,2194,174898,28874,X,-,-,X,588,31787,267,5155,3242,50075
"전국","계","65~69세","2023",3285735,1954239,1002014,15050,2495,181806,28764,X,-,-,X,503,36863,310,5725,3585,54381
"전국","계","65~69세","2024",3492058,2085258,1067221,16984,2778,183605,26694,X,-,-,X,450,40749,369,6067,3769,58114
"전국","계","70~74세","2015",1742546,1034451,431158,1309,420,200406,41623,-,X,X,X,3268,7245,52,1405,1942,19267
"전국","계","70~74세","2016",1719775,1028246,428838,1333,302,188179,39753,-,X,X,X,2965,7911,55,1445,1816,18932
"전국","계","70~74세","2017",1726140,1033900,442837,1588,310,175827,37136,-,X,X,X,2701,8892,69,1547,1916,19417
"전국","계","70~74세","2018",1796606,1079605,469212,1830,358,172477,35993,-,X,X,X,2552,9859,92,1747,2002,20879
"전국","계","70~74세","2019",1888139,1138807,500462,2065,386,169597,34802,-,X,X,X,2518,10830,100,1963,2104,24505
"전국","계","70~74세","2020",1980075,1201089,532758,2170,411,167697,31909,X,-,-,X,2617,11329,92,2173,1998,25832
"전국","계","70~74세","2021",2042154,1241650,554763,2236,437,165704,30313,X,-,-,X,2807,11859,112,2405,2111,27757
"전국","계","70~74세","2022",2145118,1305711,592554,2574,546,163869,29101,X,-,-,X,2537,13584,113,2675,2258,29596
"전국","계","70~74세","2023",2202791,1345045,611739,2783,586,160553,28176,X,-,-,X,2086,15522,126,2956,2346,30873
"전국","계","70~74세","2024",2313594,1418703,648909,3157,635,157521,26716,X,-,-,X,1677,17379,152,3195,2493,33057
"전국","계","75~79세","2015",1327847,792336,242626,264,135,220090,41423,-,X,X,X,9022,3228,22,892,1495,16314
"전국","계","75~79세","2016",1389176,837249,261471,182,74,218054,41425,-,X,X,X,8138,3664,25,922,1444,16528
"전국","계","75~79세","2017",1498779,913109,291991,176,76,219247,41532,-,X,X,X,8342,4234,28,1012,1664,17368
"전국","계","75~79세","2018",1536930,943103,306350,226,84,213721,40346,-,X,X,X,8297,4516,22,1041,1648,17576
"전국","계","75~79세","2019",1544916,953398,317017,249,89,201441,37789,-,X,X,X,7712,4809,36,1133,1652,19591
"전국","계","75~79세","2020",1540870,960687,323251,260,92,188893,33403,X,-,-,X,7845,4736,30,1128,1491,19054
"전국","계","75~79세","2021",1529990,960546,327089,305,89,176107,30810,X,-,-,X,7838,5080,32,1205,1501,19388
"전국","계","75~79세","2022",1551840,978235,343385,378,90,165748,28934,X,-,-,X,6712,5797,44,1419,1530,19568
"전국","계","75~79세","2023",1624330,1032369,365112,421,105,162036,28058,X,-,-,X,5601,6944,60,1663,1601,20359
"전국","계","75~79세","2024",1713222,1096563,391293,471,110,160047,26909,X,-,-,X,4882,7818,64,1850,1644,21571
"전국","계","80~84세","2015",773354,445568,82870,43,24,184646,33487,-,X,X,X,12373,1412,X,570,1060,11300
"전국","계","80~84세","2016",839158,491441,94700,9,9,191466,34910,-,X,X,X,12190,1349,X,565,1050,11465
"전국","계","80~84세","2017",883675,527575,106261,8,7,188257,34271,-,X,X,X,12427,1420,5,598,1142,11704
"전국","계","80~84세","2018",938037,567979,119303,14,9,188792,33905,-,X,X,X,12724,1649,11,587,1078,11986
"전국","계","80~84세","2019",1001174,615678,134145,17,11,187707,33619,-,X,X,X,12442,1855,18,620,1151,13911
"전국","계","80~84세","2020",1032047,644782,143909,21,12,182655,31284,X,-,-,X,12646,1823,14,576,1004,13321
"전국","계","80~84세","2021",1092367,691687,159250,20,14,179099,30629,X,-,-,X,13469,2142,11,628,1041,14377
"전국","계","80~84세","2022",1201647,771428,180811,20,20,184702,31383,X,-,-,X,13339,2498,16,727,1160,15543
"전국","계","80~84세","2023",1240617,807732,189398,36,17,180707,30318,X,-,-,X,11951,2851,14,840,1192,15561
"전국","계","80~84세","2024",1250747,824279,196810,31,22,170851,28132,X,-,-,X,10401,3041,16,911,1135,15118
"전국","계","85세이상","2015",461530,222822,17279,X,X,163118,30981,-,X,X,X,16377,942,6,441,985,8576
"전국","계","85세이상","2016",492977,245274,19412,X,X,169093,32380,-,X,X,X,16222,524,X,461,910,8695
"전국","계","85세이상","2017",514611,267489,23074,X,X,165421,31854,-,X,X,X,16090,523,X,469,1056,8630
"전국","계","85세이상","2018",549129,294993,27054,X,X,167275,32407,-,X,X,X,16355,562,X,463,1023,8989
"전국","계","85세이상","2019",600048,332479,32328,X,7,172470,33277,-,X,X,X,16568,654,X,469,1045,10749
"전국","계","85세이상","2020",645773,367704,37670,X,5,177236,33527,X,-,-,X,17399,694,X,442,1050,10045
"전국","계","85세이상","2021",710634,416126,44528,X,X,182449,34696,X,-,-,X,19187,772,X,457,1041,11372
"전국","계","85세이상","2022",777432,466035,51131,X,X,189597,36089,X,-,-,X,20172,863,X,540,1045,11956
"전국","계","85세이상","2023",835450,515875,57191,X,X,191591,36097,X,-,-,X,19217,1096,X,611,1114,12649
"전국","계","85세이상","2024",896879,568606,64468,X,X,194120,35698,X,-,-,X,18226,1227,9,645,1069,12806
"전국","계","15~64세","2015",35041993,15391319,9042565,8582048,232090,346875,58090,-,176145,50815,202,119,724878,107862,16515,39029,273441
"전국","계","15~64세","2016",35189450,15500212,9055892,8592245,229477,338962,57980,-,172444,53307,193,107,704410,110775,16391,38057,318998
"전국","계","15~64세","2017",35111208,15608694,8988421,8456920,213336,334358,55281,-,165949,55372,192,110,701287,113814,16785,40030,360659
"전국","계","15~64세","2018",35059474,15741432,8927421,8318027,195281,343129,49530,-,156558,56822,161,113,700023,116538,17560,39928,396951
"전국","계","15~64세","2019",34912764,15884969,8840937,8123063,180024,340405,44987,-,148555,57901,179,128,690722,116836,17481,41734,424843
"전국","계","15~64세","2020",35010230,16194238,8742361,8051049,149359,337756,36908,195058,-,-,150,124,673142,116687,17171,41033,455194
"전국","계","15~64세","2021",34794325,16432750,8587990,7731328,130334,348686,32256,182731,-,-,144,108,667345,121200,18280,42898,498275
"전국","계","15~64세","2022",34381052,16441809,8414804,7483919,124279,338856,27900,175275,-,-,144,103,657953,122772,18262,42545,532431
"전국","계","15~64세","2023",34154928,16417738,8227905,7476385,122817,325277,25567,174413,-,-,153,81,650036,122271,17967,41696,552622
"전국","계","15~64세","2024",33793352,16300808,8061432,7417271,116279,301704,20246,172960,-,-,164,53,637088,120690,17005,40708,586944
"전국","계","65세이상","2015",6408951,3719624,1397485,7757,1954,934129,186081,-,X,X,X,41745,28141,231,5587,7984,78233
"전국","계","65세이상","2016",6608822,3867406,1448100,8187,1784,931697,186382,-,X,X,X,40209,30410,232,5810,7689,80916
"전국","계","65세이상","2017",6889816,4065109,1546138,8932,1915,911819,181539,-,X,X,X,40254,33962,257,6267,8446,85178
"전국","계","65세이상","2018",7139506,4237675,1627788,9616,2031,902397,177551,-,X,X,X,40631,36801,289,6766,8398,89562
"전국","계","65세이상","2019",7464765,4458123,1730104,10993,2221,888632,172918,-,X,X,X,39913,40707,338,7428,8772,104616
"전국","계","65세이상","2020",7858775,4732364,1863309,12028,2384,878040,161105,X,-,-,X,41183,43596,329,8075,8402,107960
"전국","계","65세이상","2021",8277493,5015574,1983177,13521,2557,876512,156881,X,-,-,X,44012,48225,375,9227,8796,118636
"전국","계","65세이상","2022",8742173,5331539,2113777,16003,2852,878814,154381,X,-,-,X,43348,54529,441,10516,9235,126738
"전국","계","65세이상","2023",9188923,5655260,2225454,18290,3207,876693,151413,X,-,-,X,39358,63276,514,11795,9838,133823
"전국","계","65세이상","2024",9666500,5993409,2368701,20644,3549,866144,144149,X,-,-,X,35636,70214,610,12668,10110,140666
"전국","남자","합계","2015",23804846,13460593,871684,8021721,47789,296743,59694,-,236251,85357,1772,4612,414572,81152,10885,26231,185790
"전국","남자","합계","2016",23918710,13565064,926001,7972812,50946,296499,59772,-,221979,86135,1662,4487,406375,80079,11054,25622,210223
"전국","남자","합계","2017",23973333,13658562,1009452,7833519,50237,297943,58995,-,209244,87130,1646,4764,405859,80894,11415,27757,235916
"전국","남자","합계","2018",24010719,13741756,1088719,7699950,48214,304535,56366,-,193456,86142,1444,5018,405507,81817,12049,27818,257928
"전국","남자","합계","2019",24029501,13866960,1152844,7528479,45796,304586,54064,-,180851,85682,1357,5056,400378,81844,12297,28945,280362
"전국","남자","합계","2020",24202134,14081262,1244364,7428224,38758,305406,48890,240865,-,-,1106,5389,390206,80500,12341,28478,296345
"전국","남자","합계","2021",24270009,14248638,1357493,7198174,36219,318027,46731,221585,-,-,1041,6035,387896,82392,13354,29590,322834
"전국","남자","합계","2022",24158441,14346208,1410774,6931630,36606,318535,44631,210787,-,-,985,5925,384108,82509,13761,30034,341948
"전국","남자","합계","2023",24160916,14448922,1425834,6806398,38227,316293,43444,207951,-,-,981,5333,383833,81801,14344,30112,357443
"전국","남자","합계","2024",24114897,14505278,1458005,6676788,38148,308169,40709,202189,-,-,1005,4891,380314,79831,14369,29777,375424
"전국","남자","15세미만","2015",3556446,41,X,3325017,X,X,X,-,138778,60583,1660,X,2990,23357,X,2964,1053
"전국","남자","15세미만","2016",3481573,40,X,3263047,X,X,X,-,126197,60185,1568,X,2746,20446,X,2883,4460
"전국","남자","15세미만","2017",3405509,34,X,3197254,X,X,X,-,116750,60241,1539,X,2598,19583,X,3589,3921
"전국","남자","15세미만","2018",3326313,43,X,3130936,X,X,X,-,105844,58332,1361,X,2490,18586,X,3473,5248
"전국","남자","15세미만","2019",3236713,44,X,3052257,X,X,X,-,96758,57088,1265,X,2458,17941,X,3513,5389
"전국","남자","15세미만","2020",3164157,51,X,3001883,X,X,X,134083,-,-,1017,X,2504,16233,X,3160,5226
"전국","남자","15세미만","2021",3076190,58,X,2929000,X,11,X,120321,-,-,954,X,2533,15269,X,3036,5003
"전국","남자","15세미만","2022",2956777,80,X,2815834,X,X,X,114446,-,-,904,X,2332,15025,X,3243,4913
"전국","남자","15세미만","2023",2835487,69,X,2697085,X,X,X,112309,-,-,899,X,2150,14692,5,3281,4997
"전국","남자","15세미만","2024",2729407,99,X,2596387,X,X,X,107624,-,-,918,X,1961,13629,7,3187,5595
"전국","남자","15~19세","2015",1455931,30384,104,1339813,22,X,X,-,44555,11978,90,X,14744,10569,X,1238,2434
"전국","남자","15~19세","2016",1389440,32626,86,1277442,22,X,X,-,40731,11608,73,X,12898,9853,X,1154,2946
"전국","남자","15~19세","2017",1316430,31090,77,1209903,12,X,X,-,37715,11689,78,X,12265,9110,X,1165,3326
"전국","남자","15~19세","2018",1231502,29415,77,1133964,6,X,X,-,32879,11189,65,X,11295,8186,X,1104,3322
"전국","남자","15~19세","2019",1152399,30258,53,1059473,12,X,X,-,28962,11042,71,X,10826,7455,X,996,3251
"전국","남자","15~19세","2020",1123049,37326,36,1028821,13,X,X,35461,-,-,59,X,10549,6640,X,949,3195
"전국","남자","15~19세","2021",1067714,26583,29,989630,X,X,X,32047,-,-,57,X,9562,5979,X,844,2979
"전국","남자","15~19세","2022",1032405,26609,24,957242,6,X,X,30478,-,-,56,X,8331,5728,X,831,3098
"전국","남자","15~19세","2023",1035272,24131,27,963963,X,X,X,30570,-,-,54,X,7028,5603,X,828,3061
"전국","남자","15~19세","2024",1042357,23330,21,972293,6,X,X,30785,-,-,61,X,6428,5484,X,781,3164
"전국","남자","20~24세","2015",1282312,223026,2870,959368,522,X,X,-,25832,6162,19,X,34825,12258,X,1851,15578
"전국","남자","20~24세","2016",1307200,229508,1704,978805,468,X,X,-,26901,6801,15,X,33840,12812,5,1907,14434
"전국","남자","20~24세","2017",1284186,224393,1603,959907,403,X,X,-,26282,7185,24,X,33674,12683,X,2102,15926
"전국","남자","20~24세","2018",1274923,223259,1471,952784,345,X,X,-,26120,7720,13,X,33328,12418,X,2024,15441
"전국","남자","20~24세","2019",1266355,234344,1418,934534,250,X,X,-,26283,8035,16,X,31863,12076,X,2037,15498
"전국","남자","20~24세","2020",1314905,256918,1362,960679,207,X,X,33872,-,-,25,X,32443,11704,X,1980,15714
"전국","남자","20~24세","2021",1284310,256501,1225,933281,159,X,X,31856,-,-,23,X,31633,11107,X,1957,16565
"전국","남자","20~24세","2022",1155623,252573,1069,818002,143,X,X,27780,-,-,18,X,27368,9840,6,1692,17132
"전국","남자","20~24세","2023",1097570,253710,1021,765630,133,X,X,26232,-,-,15,X,23617,8972,X,1514,16721
"전국","남자","20~24세","2024",1029629,243546,913,714426,93,X,X,24054,-,-,16,X,20768,8022,X,1337,16451
"전국","남자","25~29세","2015",1522505,494185,18397,897812,2319,X,X,-,17346,3997,X,X,47245,14876,X,2802,23522
"전국","남자","25~29세","2016",1553308,495438,15427,926831,2181,X,X,-,17888,4706,X,X,45696,15806,X,2861,26467
"전국","남자","25~29세","2017",1607192,517431,16185,948189,2049,X,X,-,18306,5030,X,X,47332,16905,X,3324,32433
"전국","남자","25~29세","2018",1666722,546089,17275,969874,1793,X,X,-,18642,5653,5,X,49896,18163,10,3516,35805
"전국","남자","25~29세","2019",1713307,578782,18384,976439,1586,X,X,-,18708,6077,X,X,51380,18703,9,3852,39382
"전국","남자","25~29세","2020",1764662,622736,20076,976969,1307,X,X,24588,-,-,X,X,53562,19128,X,4149,42140
"전국","남자","25~29세","2021",1778098,669194,20314,939060,1114,X,X,24266,-,-,X,X,54435,20269,10,4487,44944
"전국","남자","25~29세","2022",1740315,664454,18498,909805,990,X,X,24242,-,-,X,X,52617,19535,17,4122,46031
"전국","남자","25~29세","2023",1696812,648495,16865,890497,909,X,X,24228,-,-,7,X,48568,18076,18,3747,45402
"전국","남자","25~29세","2024",1635491,625862,15985,858987,763,X,X,24295,-,-,7,X,44303,16767,10,3329,45182
"전국","남자","30~34세","2015",1805771,1043271,77736,581670,8461,X,X,-,7198,1937,X,X,51018,10463,44,2953,21018
"전국","남자","30~34세","2016",1721682,987956,73307,562081,8158,9,X,-,7378,2020,X,X,43819,10747,31,2697,23478
"전국","남자","30~34세","2017",1635481,929183,72799,537405,7067,X,X,-,7190,2085,X,X,39772,11068,23,2704,26182
"전국","남자","30~34세","2018",1571238,882027,72574,521240,5937,X,X,-,6900,2248,X,X,37124,11748,15,2780,28643
"전국","남자","30~34세","2019",1549970,868246,72370,513251,4922,X,X,-,6938,2360,X,X,35992,12026,13,2934,30915
"전국","남자","30~34세","2020",1567009,891402,77018,498660,4082,X,X,8712,-,-,X,X,36015,12715,11,3211,35178
"전국","남자","30~34세","2021",1597987,925091,81190,481595,3583,X,X,8845,-,-,X,X,37412,14452,12,3537,42265
"전국","남자","30~34세","2022",1656507,955215,81505,499482,3484,X,X,9487,-,-,X,X,39353,15481,23,3671,48801
"전국","남자","30~34세","2023",1713691,971758,80362,533708,3647,X,X,10069,-,-,X,X,40650,15857,19,3589,54027
"전국","남자","30~34세","2024",1754821,980098,82390,556944,3354,X,X,10722,-,-,X,X,41680,16007,19,3512,60091
"전국","남자","35~39세","2015",1904082,1353063,109508,351824,11974,20,X,-,1986,512,X,X,50936,4852,184,2158,17064
"전국","남자","35~39세","2016",1945667,1368341,120760,365749,12767,23,X,-,2233,617,X,X,48587,5201,137,2094,19157
"전국","남자","35~39세","2017",1977320,1381333,134142,369383,12539,20,X,-,2356,714,X,X,46866,5822,119,2202,21822
"전국","남자","35~39세","2018",1984850,1381888,145397,364970,11735,25,X,-,2370,763,X,X,44648,6361,118,2212,24363
"전국","남자","35~39세","2019",1924470,1338965,147397,349018,10470,25,X,-,2467,832,X,X,40372,6721,106,2343,25753
"전국","남자","35~39세","2020",1833161,1279648,150485,319811,8121,11,X,3104,-,-,X,X,35040,6929,87,2320,27605
"전국","남자","35~39세","2021",1744971,1217872,154330,291023,6690,12,X,3122,-,-,X,X,31835,7255,68,2421,30342
"전국","남자","35~39세","2022",1649081,1141960,146819,279557,6023,9,X,3140,-,-,X,X,29440,7634,56,2427,32015
"전국","남자","35~39세","2023",1587411,1086083,137749,281435,6045,10,X,3177,-,-,X,X,28026,8091,47,2356,34391
"전국","남자","35~39세","2024",1567979,1061211,134969,286781,5557,5,X,3253,-,-,X,X,27580,8351,48,2433,37791
"전국","남자","40~44세","2015",2119525,1650152,113364,260720,10685,323,9,-,446,143,X,X,59388,2432,829,2133,18901
"전국","남자","40~44세","2016",2031332,1557333,123222,259010,11436,245,29,-,531,149,X,X,54712,2587,663,1992,19422
"전국","남자","40~44세","2017",1970559,1496213,132910,252556,11174,242,49,-,520,138,X,X,51138,2783,589,1959,20288
"전국","남자","40~44세","2018",1905601,1432269,141398,246497,10592,263,X,-,563,182,X,X,47302,3043,556,1941,20992
"전국","남자","40~44세","2019",1869529,1395155,148823,243071,10110,231,5,-,584,185,X,X,43771,3215,472,2028,21879
"전국","남자","40~44세","2020",1896599,1412781,165533,239279,8452,196,9,836,-,-,X,X,40328,3484,402,1931,23368
"전국","남자","40~44세","2021",1940421,1439369,185729,234405,8013,206,6,900,-,-,X,X,39379,4016,376,2062,25960
"전국","남자","40~44세","2022",1971862,1456180,195357,237602,8255,174,X,973,-,-,X,X,38362,4652,314,2204,27785
"전국","남자","40~44세","2023",1982266,1459520,196299,242333,8517,164,9,1091,-,-,X,X,37394,5090,286,2245,29316
"전국","남자","40~44세","2024",1921886,1408892,190814,239490,8250,145,X,1148,-,-,X,X,34893,5332,224,2249,30444
"전국","남자","45~49세","2015",2126980,1766904,111256,159954,6833,3474,129,-,87,35,X,X,53618,1219,1722,2023,19726
"전국","남자","45~49세","2016",2175889,1778525,126020,177849,8016,2933,193,-,91,35,X,X,55254,1352,1676,1947,21998
"전국","남자","45~49세","2017",2204470,1779276,137875,188823,8641,2822,230,-,96,35,X,X,57009,1575,1701,1996,24391
"전국","남자","45~49세","2018",2187202,1743258,147335,196099,8718,2745,91,-,114,45,X,X,57414,1772,1635,2022,25954
"전국","남자","45~49세","2019",2162206,1706991,154298,200919,8737,2554,85,-,125,53,X,X,55615,1954,1525,2058,27292
"전국","남자","45~49세","2020",2105204,1655783,163091,193605,7270,2479,57,173,-,-,X,X,50653,1892,1511,1899,26791
"전국","남자","45~49세","2021",2018169,1576059,172535,181778,6863,2267,48,187,-,-,X,X,46267,2041,1397,1890,26837
"전국","남자","45~49세","2022",1959171,1518802,176367,179333,6927,2001,60,204,-,-,X,X,43718,2229,1212,1990,26328
"전국","남자","45~49세","2023",1898861,1463101,174791,178657,6945,1590,71,235,-,-,X,X,41788,2540,1027,2038,26078
"전국","남자","45~49세","2024",1864000,1425123,177770,180335,7145,1327,15,255,-,-,X,X,39813,2898,854,2058,26407
"전국","남자","50~54세","2015",2069459,1778712,117565,84808,3670,15758,1026,-,18,9,X,X,43382,538,2448,2074,19451
"전국","남자","50~54세","2016",2024438,1722951,119910,91527,4050,13220,931,-,22,12,X,X,44863,612,2377,1993,21970
"전국","남자","50~54세","2017",1999771,1688543,125550,94483,4247,12463,894,-,22,9,X,X,45002,649,2310,1943,23656
"전국","남자","50~54세","2018",2024653,1694143,133183,101935,4568,12995,587,-,19,7,X,X,46396,755,2420,1845,25800
"전국","남자","50~54세","2019",2078150,1724605,142451,111987,5001,13144,545,-,21,X,X,X,47527,858,2335,1924,27748
"전국","남자","50~54세","2020",2106684,1736711,152954,118258,4676,13073,438,29,-,-,X,X,47050,918,2294,1793,28490
"전국","남자","50~54세","2021",2160514,1764400,169991,124150,4872,13221,358,34,-,-,X,X,47827,1057,2506,1871,30227
"전국","남자","50~54세","2022",2188927,1773471,178471,132494,5401,12123,311,32,-,-,X,X,49479,1266,2510,2017,31352
"전국","남자","50~54세","2023",2176341,1752420,178754,139961,5816,10833,330,35,-,-,X,X,50932,1529,2367,2105,31258
"전국","남자","50~54세","2024",2153521,1721606,181054,146825,6046,9401,173,47,-,-,X,X,50724,1738,2209,2179,31519
"전국","남자","55~59세","2015",1902004,1656378,113178,41891,1927,33632,4532,-,X,X,X,X,30095,332,2365,2002,15664
"전국","남자","55~59세","2016",2005872,1740294,121081,48301,2281,32560,4240,-,6,X,X,X,33056,365,2497,1983,19205
"전국","남자","55~59세","2017",2054329,1769622,132311,50923,2333,32284,3945,-,X,X,X,X,35541,384,2661,2116,22199
"전국","남자","55~59세","2018",2079143,1777885,141314,53869,2525,33672,3325,-,X,X,X,X,36698,409,2804,2020,24614
"전국","남자","55~59세","2019",2059480,1749744,145759,56336,2632,33000,2718,-,5,5,X,X,37590,471,2737,1987,26493
"전국","남자","55~59세","2020",2025737,1712986,150392,56831,2490,32358,2197,5,-,-,X,X,36612,440,2607,1914,26902
"전국","남자","55~59세","2021",1986284,1663917,157484,57846,2550,32488,1710,X,-,-,X,X,36968,470,2830,1903,28113
"전국","남자","55~59세","2022",1969066,1640513,160478,61657,2753,30797,1467,X,-,-,X,X,37833,547,2851,1885,28280
"전국","남자","55~59세","2023",2000125,1660978,162472,68154,3137,29253,1296,5,-,-,X,X,40379,674,2872,1971,28934
"전국","남자","55~59세","2024",2060019,1704103,168684,75913,3622,27338,1001,6,-,-,X,X,43112,818,2868,2050,30504
"전국","남자","60~64세","2015",1336256,1167729,78249,13164,799,41712,8809,-,X,X,X,11,13818,128,1373,1348,9115
"전국","남자","60~64세","2016",1461092,1271361,88008,16111,978,43702,9150,-,X,X,X,7,16721,172,1600,1425,11855
"전국","남자","60~64세","2017",1543892,1334083,100502,18066,1119,44998,8881,-,X,X,X,8,18639,201,1743,1645,14004
"전국","남자","60~64세","2018",1658753,1422740,115089,20655,1275,48085,8349,-,X,X,X,7,21424,218,2039,1800,17069
"전국","남자","60~64세","2019",1754466,1497902,127844,23023,1303,49393,7659,-,X,X,X,10,23307,243,2299,1887,19595
"전국","남자","60~64세","2020",1845468,1569180,142522,24539,1266,51120,6481,X,-,-,X,13,24178,241,2342,1840,21744
"전국","남자","60~64세","2021",1955827,1647479,162243,26475,1391,56935,5974,X,-,-,X,11,26311,281,2604,1946,24174
"전국","남자","60~64세","2022",1998098,1675682,170981,28855,1561,57116,5189,X,-,-,X,9,27907,328,2740,2049,25680
"전국","남자","60~64세","2023",2036225,1703907,174836,31581,1820,55551,4616,X,-,-,X,10,30946,387,3033,2098,27440
"전국","남자","60~64세","2024",2019248,1687377,175211,33251,1903,51638,3905,X,-,-,X,12,32580,428,2978,2081,27884
"전국","남자","65~69세","2015",1007247,864915,58984,4550,395,47408,11876,-,X,X,X,64,7560,84,972,1118,9321
"전국","남자","65~69세","2016",1037162,889052,61532,5016,413,47747,11596,-,X,X,X,58,8519,73,1051,1136,10969
"전국","남자","65~69세","2017",1087309,927858,69637,5398,456,48041,11325,-,X,X,X,59,9526,78,1129,1238,12564
"전국","남자","65~69세","2018",1110664,943072,75523,5692,484,48535,10651,-,X,X,X,60,10242,92,1240,1247,13826
"전국","남자","65~69세","2019",1166572,985538,84115,6506,526,48241,10035,-,X,X,X,60,11560,102,1420,1368,17101
"전국","남자","65~69세","2020",1274792,1074468,98178,7131,614,50098,9040,X,-,-,X,57,12929,106,1622,1425,19124
"전국","남자","65~69세","2021",1394224,1164448,115076,8117,697,56013,8859,X,-,-,X,74,14753,119,1922,1601,22545
"전국","남자","65~69세","2022",1477597,1227952,126873,9650,730,57735,8329,X,-,-,X,61,16823,152,2152,1676,25464
"전국","남자","65~69세","2023",1589756,1318915,137493,11081,872,60150,8267,X,-,-,X,53,19910,175,2496,1924,28420
"전국","남자","65~69세","2024",1690238,1401270,148679,12521,996,60951,7697,X,-,-,X,43,22372,222,2739,1988,30760
"전국","남자","70~74세","2015",781670,669219,37132,898,137,51104,12136,-,X,X,X,299,3224,33,518,775,6195
"전국","남자","70~74세","2016",778807,667509,38202,919,138,48569,11564,-,X,X,X,279,3694,38,544,747,6604
"전국","남자","70~74세","2017",788759,674145,42679,1120,155,46703,10943,-,X,X,X,283,4180,40,577,793,7141
"전국","남자","70~74세","2018",829230,706728,48821,1296,183,46951,10681,-,X,X,X,231,4692,55,654,856,8082
"전국","남자","70~74세","2019",878584,747260,55011,1497,183,47125,10527,-,X,X,X,233,5223,52,769,934,9770
"전국","남자","70~74세","2020",923593,785502,61784,1579,194,46897,9625,X,-,-,X,227,5490,48,863,898,10486
"전국","남자","70~74세","2021",952588,805846,68688,1592,213,47718,9041,X,-,-,X,260,5816,60,975,960,11419
"전국","남자","70~74세","2022",1003649,846342,76522,1845,263,48303,8650,X,-,-,X,273,6767,66,1069,1054,12495
"전국","남자","70~74세","2023",1030442,867614,80108,2010,298,47997,8328,X,-,-,X,210,7788,79,1218,1125,13667
"전국","남자","70~74세","2024",1085255,912804,87715,2288,320,47479,7931,X,-,-,X,165,8796,91,1335,1230,15101
"전국","남자","75~79세","2015",542202,455351,21522,191,37,47974,10218,-,X,X,X,1048,1258,10,274,496,3823
"전국","남자","75~79세","2016",574244,483656,23575,118,33,48887,10488,-,X,X,X,951,1486,13,304,516,4217
"전국","남자","75~79세","2017",629439,531639,27904,105,38,50392,10841,-,X,X,X,1039,1765,11,347,611,4747
"전국","남자","75~79세","2018",651181,550666,31229,132,45,49615,10596,-,X,X,X,1005,1902,9,331,604,5047
"전국","남자","75~79세","2019",659165,557983,33960,158,52,47218,9945,-,X,X,X,923,2067,21,378,627,5833
"전국","남자","75~79세","2020",663226,562953,36841,170,56,44622,8832,X,-,-,X,953,1994,19,375,559,5852
"전국","남자","75~79세","2021",666356,564311,40265,210,60,42838,8346,X,-,-,X,950,2142,16,421,574,6223
"전국","남자","75~79세","2022",682931,577917,44360,262,56,41413,7792,X,-,-,X,743,2542,23,512,613,6698
"전국","남자","75~79세","2023",722744,612361,48395,284,70,41424,7665,X,-,-,X,618,3231,32,614,683,7367
"전국","남자","75~79세","2024",769203,652081,53838,327,74,41694,7440,X,-,-,X,556,3726,35,691,744,7997
"전국","남자","80~84세","2015",267987,216868,8646,39,5,32077,6439,-,X,X,X,1437,330,X,109,188,1848
"전국","남자","80~84세","2016",297651,242239,9746,6,X,34487,7006,-,X,X,X,1508,365,X,116,194,1978
"전국","남자","80~84세","2017",322923,264291,11376,X,X,35453,7087,-,X,X,X,1648,434,X,139,247,2239
"전국","남자","80~84세","2018",349291,286795,13489,6,7,36600,7168,-,X,X,X,1784,536,X,163,263,2478
"전국","남자","80~84세","2019",379422,313403,15603,10,8,37182,7312,-,X,X,X,1779,673,6,169,333,2944
"전국","남자","80~84세","2020",396905,329531,17784,9,7,36819,6814,X,-,-,X,1811,689,X,152,305,2981
"전국","남자","80~84세","2021",425499,354183,20838,12,9,37011,6774,X,-,-,X,1972,811,X,161,337,3390
"전국","남자","80~84세","2022",473602,396059,24622,10,13,38359,7138,X,-,-,X,1908,985,X,212,377,3916
"전국","남자","80~84세","2023",493234,414141,26630,19,11,37888,6944,X,-,-,X,1680,1114,X,239,397,4169
"전국","남자","80~84세","2024",501672,423290,28411,20,16,35963,6487,X,-,-,X,1436,1207,6,271,398,4167
"전국","남자","85세이상","2015",124469,90395,3173,X,X,23259,4519,-,X,X,X,1750,141,X,44,108,1077
"전국","남자","85세이상","2016",133353,98235,3421,X,X,24116,4574,-,X,X,X,1682,119,X,49,93,1063
"전국","남자","85세이상","2017",145764,109428,3902,X,X,24523,4798,-,X,X,X,1725,118,X,69,123,1077
"전국","남자","85세이상","2018",159453,121479,4544,X,X,25046,4915,-,X,X,X,1928,120,X,64,111,1244
"전국","남자","85세이상","2019",178713,137740,5358,X,X,26470,5232,-,X,X,X,2048,154,X,64,124,1519
"전국","남자","85세이상","2020",196983,153286,6308,X,X,27732,5395,X,-,-,X,2325,170,X,70,145,1549
"전국","남자","85세이상","2021",220857,173327,7556,X,X,29305,5613,X,-,-,X,2764,212,X,67,164,1848
"전국","남자","85세이상","2022",242830,192399,8828,X,X,30501,5691,X,-,-,X,2930,251,X,86,183,1960
"전국","남자","85세이상","2023",264679,211719,10032,X,X,31432,5917,X,-,-,X,2760,312,X,96,211,2195
"전국","남자","85세이상","2024",290171,234586,11551,X,X,32226,6056,X,-,-,X,2678,371,X,109,221,2367
"전국","남자","15~64세","2015",17524825,11163804,742227,4691024,47212,94921,14506,-,97473,24774,112,14,399069,57667,8967,20582,162473
"전국","남자","15~64세","2016",17615920,11184333,789525,4703706,50357,92693,14544,-,95782,25950,94,9,389446,59507,8989,20053,180932
"전국","남자","15~64세","2017",17593630,11151167,853954,4629638,49584,92831,14001,-,92494,26889,107,10,387238,61180,9154,21156,204227
"전국","남자","15~64세","2018",17584587,11132973,915113,4561887,47494,97788,12355,-,87612,27810,83,10,385525,63073,9597,21264,222003
"전국","남자","15~64세","2019",17530332,11124992,958797,4468051,45023,98350,11013,-,84093,28594,92,13,378243,63722,9497,22046,237806
"전국","남자","15~64세","2020",17582478,11175471,1023469,4417452,37884,99238,9184,106782,-,-,89,16,366430,64091,9259,21986,251127
"전국","남자","15~64세","2021",17534295,11186465,1105070,4259243,35238,105131,8098,101264,-,-,87,13,361629,66927,9806,22918,272406
"전국","남자","15~64세","2022",17321055,11105459,1129569,4104029,35543,102224,7031,96341,-,-,81,10,354408,67240,9730,22888,286502
"전국","남자","15~64세","2023",17224574,11024103,1123176,4095919,36973,97402,6323,95642,-,-,82,12,349328,66819,9676,22491,296628
"전국","남자","15~64세","2024",17048951,10881148,1127811,4065245,36739,89856,5098,94565,-,-,87,13,341881,65845,9217,22009,309437
"전국","남자","65세이상","2015",2723575,2296748,129457,5680,575,201822,45188,-,X,X,X,4598,12513,128,1917,2685,22264
"전국","남자","65세이상","2016",2821217,2380691,136476,6059,589,203806,45228,-,X,X,X,4478,14183,126,2064,2686,24831
"전국","남자","65세이상","2017",2974194,2507361,155498,6627,653,205112,44994,-,X,X,X,4754,16023,131,2261,3012,27768
"전국","남자","65세이상","2018",3099819,2608740,173606,7127,720,206747,44011,-,X,X,X,5008,17492,158,2452,3081,30677
"전국","남자","65세이상","2019",3262456,2741924,194047,8171,773,206236,43051,-,X,X,X,5043,19677,181,2800,3386,37167
"전국","남자","65세이상","2020",3455499,2905740,220895,8889,874,206168,39706,X,-,-,X,5373,21272,176,3082,3332,39992
"전국","남자","65세이상","2021",3659524,3062115,252423,9931,980,212885,38633,X,-,-,X,6020,23734,196,3546,3636,45425
"전국","남자","65세이상","2022",3880609,3240669,281205,11767,1063,216311,37600,X,-,-,X,5915,27368,244,4031,3903,50533
"전국","남자","65세이상","2023",4100855,3424750,302658,13394,1254,218891,37121,X,-,-,X,5321,32355,290,4663,4340,55818
"전국","남자","65세이상","2024",4336539,3624031,330194,15156,1409,218313,35611,X,-,-,X,4878,36472,357,5145,4581,60392
"전국","여자","합계","2015",24534713,5650437,9568366,7008061,186257,984261,184477,-,203836,87494,1553,37252,343971,73031,11218,26680,167819
"전국","여자","합계","2016",24632638,5802632,9577991,6956072,180315,974160,184590,-,191116,88360,1526,35829,333575,71496,11151,25757,198068
"전국","여자","합계","2017",24641574,6015313,9525107,6842001,165014,948234,177825,-,178861,89161,1396,35600,334232,71994,11637,27686,217513
"전국","여자","합계","2018",24654203,6237432,9466490,6713709,149098,940991,170715,-,164423,87929,1312,35726,335959,71997,12277,27311,238834
"전국","여자","합계","2019",24644676,6476228,9418197,6543366,136449,924451,163841,-,151843,86622,1250,34985,335725,70879,12613,28586,259641
"전국","여자","합계","2020",24826593,6845448,9361306,6479203,112985,910390,149123,214379,-,-,993,35918,331292,68644,12905,27172,276835
"전국","여자","합계","2021",24793522,7199825,9213674,6252186,96673,907183,142406,194769,-,-,887,38089,332529,69405,14157,28093,303646
"전국","여자","합계","2022",24726205,7427299,9117807,6055306,90525,899135,137650,186897,-,-,925,37526,332944,70311,15017,28136,326727
"전국","여자","합계","2023",24709582,7624236,9027525,5945141,87797,885677,133536,185087,-,-,932,34106,333629,69902,15428,27816,338770
"전국","여자","합계","2024",24668339,7789141,8972128,5825212,81680,859680,123686,180318,-,-,935,30800,330785,68459,15318,27325,362872
"전국","여자","15세미만","2015",3332169,46,X,3114960,X,X,X,-,125164,61453,1463,X,2534,22733,X,2934,882
"전국","여자","15세미만","2016",3271503,38,X,3065405,X,X,X,-,114454,61003,1427,X,2384,20122,X,2750,3917
"전국","여자","15세미만","2017",3208374,38,X,3012414,X,X,X,-,105406,60678,1311,X,2244,19234,X,3378,3671
"전국","여자","15세미만","2018",3139629,38,X,2955080,X,X,X,-,95476,58917,1234,X,2152,18401,X,3330,5001
"전국","여자","15세미만","2019",3059935,52,X,2885532,X,X,X,-,87381,57315,1163,X,2216,17608,X,3512,5155
"전국","여자","15세미만","2020",2995565,57,X,2842467,X,X,X,126103,-,-,932,X,2256,15895,X,3055,4800
"전국","여자","15세미만","2021",2915523,81,X,2776511,X,X,X,113302,-,-,830,X,2322,14953,X,2953,4566
"전국","여자","15세미만","2022",2804644,79,X,2671180,X,X,X,107963,-,-,862,X,2238,14582,X,3147,4593
"전국","여자","15세미만","2023",2691160,91,X,2559779,X,X,X,106314,-,-,861,X,2000,14226,5,3113,4771
"전국","여자","15세미만","2024",2593977,103,X,2467698,X,X,X,101923,-,-,858,X,1836,13361,7,3097,5091
"전국","여자","15~19세","2015",1379482,32709,818,1266903,378,X,X,-,37898,12759,70,X,13442,10435,X,1238,2832
"전국","여자","15~19세","2016",1325965,34924,857,1215573,391,X,X,-,35174,12598,78,X,12249,9742,5,1166,3208
"전국","여자","15~19세","2017",1256774,34260,782,1151008,341,X,X,-,32293,12552,70,X,11487,9307,X,1177,3495
"전국","여자","15~19세","2018",1178822,32742,784,1079775,312,X,X,-,28626,12193,61,X,11022,8458,X,1142,3705
"전국","여자","15~19세","2019",1109721,32817,924,1015561,330,X,X,-,25180,11813,61,X,10575,7739,X,1068,3653
"전국","여자","15~19세","2020",1085703,42263,676,987500,162,X,X,33254,-,-,41,X,10519,6875,X,909,3503
"전국","여자","15~19세","2021",1022332,30840,247,942347,56,X,X,29373,-,-,37,X,9178,6139,X,919,3196
"전국","여자","15~19세","2022",1002321,29797,160,925187,31,X,X,28388,-,-,39,X,8436,5946,X,851,3485
"전국","여자","15~19세","2023",1006407,27398,341,932417,75,X,X,28456,-,-,49,X,7404,5828,X,892,3545
"전국","여자","15~19세","2024",1010943,26599,304,938397,28,X,X,28726,-,-,55,X,6700,5676,X,843,3613
"전국","여자","20~24세","2015",1481410,239677,36176,1094174,7507,X,X,-,24538,7976,14,X,37740,15282,X,2328,15997
"전국","여자","20~24세","2016",1489373,250772,32928,1095809,7114,X,X,-,24763,8746,15,X,36051,15503,5,2437,15224
"전국","여자","20~24세","2017",1466554,257564,29514,1069305,5711,X,X,-,24224,9081,12,X,35985,15187,7,2560,17402
"전국","여자","20~24세","2018",1447305,267905,25888,1044518,4564,X,X,-,23567,9333,14,X,36496,14465,8,2406,18141
"전국","여자","20~24세","2019",1409772,284983,23536,994918,3805,X,X,-,22528,9373,23,X,35784,13513,8,2474,18826
"전국","여자","20~24세","2020",1475560,325755,21120,1021715,2777,X,X,31107,-,-,18,X,37584,12959,X,2461,20057
"전국","여자","20~24세","2021",1386289,324583,17271,942157,2011,X,X,28087,-,-,16,X,36348,12262,9,2384,21157
"전국","여자","20~24세","2022",1270428,313643,13343,848769,1409,X,X,25695,-,-,17,X,32407,11368,5,2100,21671
"전국","여자","20~24세","2023",1208499,313259,11611,795985,1310,X,X,24409,-,-,14,X,28281,10361,X,1874,21391
"전국","여자","20~24세","2024",1141320,302323,10143,746848,860,X,X,22787,-,-,13,X,25761,9441,X,1665,21477
"전국","여자","25~29세","2015",1449932,331475,257046,746280,19938,7,X,-,11518,3651,X,X,46877,13009,5,2903,17220
"전국","여자","25~29세","2016",1466855,335176,241959,770688,18414,11,X,-,11824,4203,X,X,44283,13819,21,2936,23518
"전국","여자","25~29세","2017",1501932,354408,231647,790643,15835,6,X,-,12024,4847,X,X,45396,15121,14,3353,28637
"전국","여자","25~29세","2018",1537644,386207,218527,803949,12962,8,X,-,11919,5341,X,X,47060,16259,15,3464,31932
"전국","여자","25~29세","2019",1571412,429436,203556,806057,10742,8,X,-,11810,5777,X,X,48510,16598,5,3753,35157
"전국","여자","25~29세","2020",1615395,488377,191538,798361,7994,6,X,16888,-,-,X,X,51479,16582,6,3882,40281
"전국","여자","25~29세","2021",1622604,543735,167088,768603,6147,7,X,16873,-,-,X,X,53470,17445,13,4115,45104
"전국","여자","25~29세","2022",1599867,561220,140683,751984,5186,X,X,17178,-,-,X,X,52875,17499,20,3925,49290
"전국","여자","25~29세","2023",1572488,563646,121930,744114,4682,6,X,17570,-,-,6,X,50420,16598,21,3591,49904
"전국","여자","25~29세","2024",1530178,559843,109845,719708,3623,X,X,17946,-,-,6,X,47133,15834,18,3322,52896
"전국","여자","30~34세","2015",1764475,431141,827265,393466,35477,14,X,-,3650,1247,X,X,50725,6365,24,2303,12795
"전국","여자","30~34세","2016",1673200,405460,774605,384356,32302,24,X,-,3723,1329,X,X,43707,6515,23,2190,18961
"전국","여자","30~34세","2017",1574877,396784,706099,370237,27298,33,X,-,3661,1447,X,X,39424,6724,27,2193,20948
"전국","여자","30~34세","2018",1505387,396207,648316,362730,22787,25,X,-,3523,1539,X,X,36992,7163,16,2184,23901
"전국","여자","30~34세","2019",1473512,409121,606479,360751,19237,31,X,-,3493,1675,X,X,35880,7545,17,2370,26911
"전국","여자","30~34세","2020",1475082,442532,578270,355100,15097,27,X,5017,-,-,X,X,36020,8261,11,2453,32293
"전국","여자","30~34세","2021",1493055,494172,539965,352540,11900,15,X,5139,-,-,X,X,37620,9530,22,2785,39364
"전국","여자","30~34세","2022",1529936,533736,507847,371290,10660,13,X,5572,-,-,X,X,39485,10766,28,2986,47551
"전국","여자","30~34세","2023",1567457,563257,481068,397772,10266,9,X,6025,-,-,X,X,40569,11582,23,2897,53986
"전국","여자","30~34세","2024",1598067,592834,457788,413117,9055,5,X,6543,-,-,X,X,40680,11841,22,2883,63296
"전국","여자","35~39세","2015",1860927,451351,1123476,191648,35429,69,5,-,857,306,X,X,43723,2613,140,1877,9433
"전국","여자","35~39세","2016",1895368,460736,1131207,206796,34681,68,9,-,945,368,X,X,42814,2986,131,1841,12784
"전국","여자","35~39세","2017",1921345,486459,1121686,216571,32356,55,13,-,1010,426,X,X,42584,3356,102,1923,14804
"전국","여자","35~39세","2018",1927983,506582,1103667,221972,29311,66,X,-,1067,487,X,X,41700,3884,99,1960,17186
"전국","여자","35~39세","2019",1865206,507527,1048312,218130,25781,71,X,-,1163,535,X,X,38823,4087,82,2149,18542
"전국","여자","35~39세","2020",1770114,509120,974461,203646,20023,60,5,1564,-,-,X,X,34646,4235,66,1994,20293
"전국","여자","35~39세","2021",1679239,516099,894837,189286,16115,58,5,1497,-,-,X,X,32039,4592,58,2083,22569
"전국","여자","35~39세","2022",1580739,499998,817766,185524,14066,56,X,1564,-,-,X,X,30059,4821,43,1973,24865
"전국","여자","35~39세","2023",1512122,484605,760303,189771,13293,50,X,1698,-,-,X,X,28794,5190,40,1888,26486
"전국","여자","35~39세","2024",1481524,484913,721846,194455,11943,40,X,1725,-,-,X,X,27907,5515,35,1927,31217
"전국","여자","40~44세","2015",2074994,542779,1336856,107315,32176,1734,42,-,179,82,X,X,40634,1290,610,1750,9547
"전국","여자","40~44세","2016",1985347,521144,1268072,111055,30093,1443,77,-,188,92,X,X,38486,1336,499,1615,11247
"전국","여자","40~44세","2017",1933501,520996,1215369,114052,27713,1342,95,-,207,103,X,X,37623,1440,500,1613,12448
"전국","여자","40~44세","2018",1861194,514824,1150406,116094,24952,1274,36,-,211,94,X,X,36327,1587,424,1534,13431
"전국","여자","40~44세","2019",1829265,516718,1113478,121078,22976,1117,28,-,242,102,X,X,35487,1854,385,1667,14133
"전국","여자","40~44세","2020",1857047,546591,1112413,124284,19477,1034,33,367,-,-,X,X,33747,1949,314,1553,15285
"전국","여자","40~44세","2021",1892543,584939,1106273,127340,17049,893,26,415,-,-,X,X,33828,2295,280,1700,17505
"전국","여자","40~44세","2022",1918350,605544,1100826,135615,16390,781,20,439,-,-,X,X,34242,2806,248,1861,19578
"전국","여자","40~44세","2023",1925452,613834,1089216,144846,15860,742,28,516,-,-,X,X,34515,3127,240,1943,20584
"전국","여자","40~44세","2024",1863413,603207,1036274,147661,14628,597,X,554,-,-,X,X,32795,3411,203,1938,22140
"전국","여자","45~49세","2015",2115639,592631,1384588,52056,24604,15121,632,-,25,15,X,X,32366,560,1204,1530,10307
"전국","여자","45~49세","2016",2174763,614666,1410426,60878,25634,12817,626,-,35,16,X,X,33559,669,1117,1503,12817
"전국","여자","45~49세","2017",2181577,632725,1390485,67999,24414,12095,658,-,28,21,X,X,35375,781,1090,1519,14387
"전국","여자","45~49세","2018",2159050,639565,1354500,73970,22930,11783,351,-,25,22,X,X,36190,881,1138,1500,16195
"전국","여자","45~49세","2019",2127580,639647,1318286,79518,21853,11296,322,-,36,27,X,X,36397,928,1134,1615,16521
"전국","여자","45~49세","2020",2074866,644408,1266556,79603,18777,10990,265,63,-,-,X,X,33949,929,1127,1551,16648
"전국","여자","45~49세","2021",1983984,636698,1188744,78853,16010,10220,184,67,-,-,X,X,32416,1052,1036,1524,17180
"전국","여자","45~49세","2022",1933022,628227,1145371,81901,15195,8748,154,77,-,-,X,X,31901,1205,964,1513,17766
"전국","여자","45~49세","2023",1861460,609812,1091512,85353,14311,7195,218,75,-,-,X,X,31653,1432,825,1452,17621
"전국","여자","45~49세","2024",1830906,606967,1059334,91481,13509,5711,64,92,-,-,X,X,31598,1630,648,1495,18377
"전국","여자","50~54세","2015",2049722,594680,1321044,23478,17003,47922,4283,-,X,5,X,X,26308,307,1858,1501,11330
"전국","여자","50~54세","2016",1985004,590345,1263784,25537,16471,41383,3765,-,7,X,X,X,26264,332,1700,1306,14105
"전국","여자","50~54세","2017",1981416,602802,1247767,27865,15788,39142,3210,-,5,5,X,X,26359,329,1651,1408,15085
"전국","여자","50~54세","2018",2027944,627589,1262716,31564,15486,40651,2441,-,6,X,X,X,27301,346,1626,1314,16902
"전국","여자","50~54세","2019",2091242,655783,1290789,36020,15619,41186,2172,-,8,X,X,X,28394,410,1679,1446,17732
"전국","여자","50~54세","2020",2116324,683956,1286512,39567,14032,40828,1662,12,-,-,X,X,27914,407,1659,1356,18419
"전국","여자","50~54세","2021",2175632,722869,1298246,45020,13371,41603,1354,10,-,-,X,X,29339,534,1913,1456,19917
"전국","여자","50~54세","2022",2182436,735562,1286726,50840,13247,39039,1147,18,-,-,X,X,30983,649,1917,1490,20818
"전국","여자","50~54세","2023",2160465,736734,1259145,56910,13218,35472,1159,18,-,-,X,X,32769,775,1884,1525,20856
"전국","여자","50~54세","2024",2130934,732265,1232085,62352,12925,31069,625,21,-,-,X,X,33927,884,1723,1593,21465
"전국","여자","55~59세","2015",1935139,576251,1196833,11803,9249,87478,15524,-,X,X,X,13,21818,233,2129,1696,12109
"전국","여자","55~59세","2016",2045592,618643,1259655,13165,10486,86796,14768,-,X,X,X,10,23487,252,2183,1648,14495
"전국","여자","55~59세","2017",2087390,648899,1270378,14225,10547,85015,13603,-,X,X,X,10,24348,246,2299,1651,16166
"전국","여자","55~59세","2018",2108530,667116,1273269,15407,10524,84028,11583,-,X,X,X,13,24233,265,2332,1603,18155
"전국","여자","55~59세","2019",2080710,670207,1247334,16097,10243,79838,9752,-,X,X,X,11,24185,248,2286,1543,18964
"전국","여자","55~59세","2020",2038640,676086,1207688,16540,8861,76676,7315,X,-,-,X,7,22443,231,2175,1384,19231
"전국","여자","55~59세","2021",1972071,675926,1143145,17733,8039,75311,5765,X,-,-,X,9,22056,239,2288,1355,20201
"전국","여자","55~59세","2022",1973512,687120,1133425,19802,8038,72853,4842,X,-,-,X,10,23110,264,2375,1359,20313
"전국","여자","55~59세","2023",2021243,715039,1148642,23420,8159,71508,4469,X,-,-,X,10,25312,312,2315,1486,20568
"전국","여자","55~59세","2024",2087739,744888,1182318,27363,8351,68494,3453,X,-,-,X,X,27232,375,2315,1487,21459
"전국","여자","60~64세","2015",1405448,434821,816236,3901,3117,99608,23098,-,X,X,X,92,12176,101,1578,1321,9398
"전국","여자","60~64세","2016",1532063,484013,882874,4682,3534,103723,24184,-,X,X,X,87,14064,114,1718,1362,11707
"전국","여자","60~64세","2017",1612212,522630,920740,5377,3749,103837,23701,-,X,X,X,90,15468,143,1939,1477,13060
"전국","여자","60~64세","2018",1721028,569722,974235,6161,3959,107505,22760,-,X,X,X,90,17177,157,2304,1557,15400
"전국","여자","60~64세","2019",1824012,613738,1029446,6882,4415,108507,21694,-,X,X,X,104,18444,192,2388,1603,16598
"전국","여자","60~64세","2020",1919021,659679,1079658,7281,4275,108894,18443,X,-,-,X,101,18411,168,2549,1504,18057
"전국","여자","60~64세","2021",2032281,716424,1127104,8206,4398,115445,16820,X,-,-,X,85,19422,185,2855,1659,19676
"전국","여자","60~64세","2022",2069386,741503,1139088,8978,4514,115138,14703,X,-,-,X,83,20047,208,2931,1599,20592
"전국","여자","60~64세","2023",2094761,766051,1140961,9878,4670,112892,13365,X,-,-,X,56,20991,247,2939,1657,21053
"전국","여자","60~64세","2024",2069377,765821,1123684,10644,4618,105930,10999,X,-,-,X,36,21474,238,2820,1546,21567
"전국","여자","65~69세","2015",1096427,359532,564568,1589,979,118461,26691,-,X,X,X,641,7754,66,1307,1384,13455
"전국","여자","65~69세","2016",1130574,376144,582147,1647,983,117158,26318,-,X,X,X,636,8443,72,1366,1333,14327
"전국","여자","65~69세","2017",1179302,395178,612338,1762,1064,115026,25421,-,X,X,X,635,9367,74,1512,1430,15495
"전국","여자","65~69세","2018",1208140,408923,630346,1853,1093,111597,24249,-,X,X,X,643,9973,68,1688,1400,16306
"전국","여자","65~69세","2019",1263916,432223,662037,2156,1202,109176,23396,-,X,X,X,613,10999,80,1823,1452,18759
"전국","여자","65~69세","2020",1385218,483634,727543,2446,1250,111461,21942,X,-,-,X,619,12085,86,2134,1434,20584
"전국","여자","65~69세","2021",1508124,541117,782471,2842,1317,117140,21574,X,-,-,X,637,13619,99,2610,1501,23197
"전국","여자","65~69세","2022",1588539,582178,819023,3380,1464,117163,20545,X,-,-,X,527,14964,115,3003,1566,24611
"전국","여자","65~69세","2023",1695979,635324,864521,3969,1623,121656,20497,X,-,-,X,450,16953,135,3229,1661,25961
"전국","여자","65~69세","2024",1801820,683988,918542,4463,1782,122654,18997,X,-,-,X,407,18377,147,3328,1781,27354
"전국","여자","70~74세","2015",960876,365232,394026,411,283,149302,29487,-,X,X,X,2969,4021,19,887,1167,13072
"전국","여자","70~74세","2016",940968,360737,390636,414,164,139610,28189,-,X,X,X,2686,4217,17,901,1069,12328
"전국","여자","70~74세","2017",937381,359755,400158,468,155,129124,26193,-,X,X,X,2418,4712,29,970,1123,12276
"전국","여자","70~74세","2018",967376,372877,420391,534,175,125526,25312,-,X,X,X,2321,5167,37,1093,1146,12797
"전국","여자","70~74세","2019",1009555,391547,445451,568,203,122472,24275,-,X,X,X,2285,5607,48,1194,1170,14735
"전국","여자","70~74세","2020",1056482,415587,470974,591,217,120800,22284,X,-,-,X,2390,5839,44,1310,1100,15346
"전국","여자","70~74세","2021",1089566,435804,486075,644,224,117986,21272,X,-,-,X,2547,6043,52,1430,1151,16338
"전국","여자","70~74세","2022",1141469,459369,516032,729,283,115566,20451,X,-,-,X,2264,6817,47,1606,1204,17101
"전국","여자","70~74세","2023",1172349,477431,531631,773,288,112556,19848,X,-,-,X,1876,7734,47,1738,1221,17206
"전국","여자","70~74세","2024",1228339,505899,561194,869,315,110042,18785,X,-,-,X,1512,8583,61,1860,1263,17956
"전국","여자","75~79세","2015",785645,336985,221104,73,98,172116,31205,-,X,X,X,7974,1970,12,618,999,12491
"전국","여자","75~79세","2016",814932,353593,237896,64,41,169167,30937,-,X,X,X,7187,2178,12,618,928,12311
"전국","여자","75~79세","2017",869340,381470,264087,71,38,168855,30691,-,X,X,X,7303,2469,17,665,1053,12621
"전국","여자","75~79세","2018",885749,392437,275121,94,39,164106,29750,-,X,X,X,7292,2614,13,710,1044,12529
"전국","여자","75~79세","2019",885751,395415,283057,91,37,154223,27844,-,X,X,X,6789,2742,15,755,1025,13758
"전국","여자","75~79세","2020",877644,397734,286410,90,36,144271,24571,X,-,-,X,6892,2742,11,753,932,13202
"전국","여자","75~79세","2021",863634,396235,286824,95,29,133269,22464,X,-,-,X,6888,2938,16,784,927,13165
"전국","여자","75~79세","2022",868909,400318,299025,116,34,124335,21142,X,-,-,X,5969,3255,21,907,917,12870
"전국","여자","75~79세","2023",901586,420008,316717,137,35,120612,20393,X,-,-,X,4983,3713,28,1049,918,12992
"전국","여자","75~79세","2024",944019,444482,337455,144,36,118353,19469,X,-,-,X,4326,4092,29,1159,900,13574
"전국","여자","80~84세","2015",505367,228700,74224,X,19,152569,27048,-,X,X,X,10936,1082,X,461,872,9452
"전국","여자","80~84세","2016",541507,249202,84954,X,5,156979,27904,-,X,X,X,10682,984,X,449,856,9487
"전국","여자","80~84세","2017",560752,263284,94885,X,X,152804,27184,-,X,X,X,10779,986,X,459,895,9465
"전국","여자","80~84세","2018",588746,281184,105814,8,X,152192,26737,-,X,X,X,10940,1113,9,424,815,9508
"전국","여자","80~84세","2019",621752,302275,118542,7,X,150525,26307,-,X,X,X,10663,1182,12,451,818,10967
"전국","여자","80~84세","2020",635142,315251,126125,12,5,145836,24470,X,-,-,X,10835,1134,11,424,699,10340
"전국","여자","80~84세","2021",666868,337504,138412,8,5,142088,23855,X,-,-,X,11497,1331,10,467,704,10987
"전국","여자","80~84세","2022",728045,375369,156189,10,7,146343,24245,X,-,-,X,11431,1513,13,515,783,11627
"전국","여자","80~84세","2023",747383,393591,162768,17,6,142819,23374,X,-,-,X,10271,1737,12,601,795,11392
"전국","여자","80~84세","2024",749075,400989,168399,11,6,134888,21645,X,-,-,X,8965,1834,10,640,737,10951
"전국","여자","85세이상","2015",337061,132427,14106,X,X,139859,26462,-,X,X,X,14627,801,6,397,877,7499
"전국","여자","85세이상","2016",359624,147039,15991,X,X,144977,27806,-,X,X,X,14540,405,X,412,817,7632
"전국","여자","85세이상","2017",368847,158061,19172,X,X,140898,27056,-,X,X,X,14365,405,X,400,933,7553
"전국","여자","85세이상","2018",389676,173514,22510,X,X,142229,27492,-,X,X,X,14427,442,X,399,912,7745
"전국","여자","85세이상","2019",421335,194739,26970,X,X,146000,28045,-,X,X,X,14520,500,X,405,921,9230
"전국","여자","85세이상","2020",448790,214418,31362,X,X,149504,28132,X,-,-,X,15074,524,X,372,905,8496
"전국","여자","85세이상","2021",489777,242799,36972,X,X,153144,29083,X,-,-,X,16423,560,X,390,877,9524
"전국","여자","85세이상","2022",534602,273636,42303,X,X,159096,30398,X,-,-,X,17242,612,X,454,862,9996
"전국","여자","85세이상","2023",570771,304156,47159,X,X,160159,30180,X,-,-,X,16457,784,X,515,903,10454
"전국","여자","85세이상","2024",606708,334020,52917,X,X,161894,29642,X,-,-,X,15548,856,6,536,848,10439
"전국","여자","15~64세","2015",17517168,4227515,8300338,3891024,184878,251954,43584,-,78672,26041,90,105,325809,50195,7548,18447,110968
"전국","여자","15~64세","2016",17573530,4315879,8266367,3888539,179120,246269,43436,-,76662,27357,99,98,314964,51268,7402,18004,138066
"전국","여자","15~64세","2017",17517578,4457527,8134467,3827282,163752,241527,41280,-,73455,28483,85,100,314049,52634,7631,18874,156432
"전국","여자","15~64세","2018",17474887,4608459,8012308,3756140,147787,245341,37175,-,68946,29012,78,103,314498,53465,7963,18664,174948
"전국","여자","15~64세","2019",17382432,4759977,7882140,3655012,135001,242055,33974,-,64462,29307,87,115,312479,53114,7984,19688,187037
"전국","여자","15~64세","2020",17427752,5018767,7718892,3633597,111475,238518,27724,88276,-,-,61,108,306712,52596,7912,19047,204067
"전국","여자","15~64세","2021",17260030,5246285,7482920,3472085,95096,243555,24158,81467,-,-,57,95,305716,54273,8474,19980,225869
"전국","여자","15~64세","2022",17059997,5336350,7285235,3379890,88736,236632,20869,78934,-,-,63,93,303545,55532,8532,19657,245929
"전국","여자","15~64세","2023",16930354,5393635,7104729,3380466,85844,227875,19244,78771,-,-,71,69,300708,55452,8291,19205,255994
"전국","여자","15~64세","2024",16744401,5419660,6933621,3352026,79540,211848,15148,78395,-,-,77,40,295207,54845,7788,18699,277507
"전국","여자","65세이상","2015",3685376,1422876,1268028,2077,1379,732307,140893,-,X,X,X,37147,15628,103,3670,5299,55969
"전국","여자","65세이상","2016",3787605,1486715,1311624,2128,1195,727891,141154,-,X,X,X,35731,16227,106,3746,5003,56085
"전국","여자","65세이상","2017",3915622,1557748,1390640,2305,1262,706707,136545,-,X,X,X,35500,17939,126,4006,5434,57410
"전국","여자","65세이상","2018",4039687,1628935,1454182,2489,1311,695650,133540,-,X,X,X,35623,19309,131,4314,5317,58885
"전국","여자","65세이상","2019",4202309,1716199,1536057,2822,1448,682396,129867,-,X,X,X,34870,21030,157,4628,5386,67449
"전국","여자","65세이상","2020",4403276,1826624,1642414,3139,1510,671872,121399,X,-,-,X,35810,22324,153,4993,5070,67968
"전국","여자","65세이상","2021",4617969,1953459,1730754,3590,1577,663627,118248,X,-,-,X,37992,24491,179,5681,5160,73211
"전국","여자","65세이상","2022",4861564,2090870,1832572,4236,1789,662503,116781,X,-,-,X,37433,27161,197,6485,5332,76205
"전국","여자","65세이상","2023",5088068,2230510,1922796,4896,1953,657802,114292,X,-,-,X,34037,30921,224,7132,5498,78005
"전국","여자","65세이상","2024",5329961,2369378,2038507,5488,2140,647831,108538,X,-,-,X,30758,33742,253,7523,5529,80274
